model,seed,sample,ranking_score,job_seed_dir,job_seed,job_seed_instance,summary_chain_iptm,summary_chain_pair_iptm,summary_chain_pair_pae_min,summary_chain_ptm,summary_fraction_disordered,summary_has_clash,summary_iptm,summary_ptm,summary_ranking_score,rosetta_total_score_mean,rosetta_score_mean,rosetta_dslf_fa13_mean,rosetta_fa_atr_mean,rosetta_fa_dun_mean,rosetta_fa_elec_mean,rosetta_fa_intra_rep_mean,rosetta_fa_intra_sol_xover4_mean,rosetta_fa_rep_mean,rosetta_fa_sol_mean,rosetta_hbond_bb_sc_mean,rosetta_hbond_lr_bb_mean,rosetta_hbond_sc_mean,rosetta_hbond_sr_bb_mean,rosetta_lk_ball_wtd_mean,rosetta_omega_mean,rosetta_p_aa_pp_mean,rosetta_pro_close_mean,rosetta_rama_prepro_mean,rosetta_ref_mean,rosetta_time_mean,rosetta_yhh_planarity_mean,rosetta_n_structures,binding_interface_score_A_B_mean,binding_interface_dG_A_B_mean,binding_interface_delta_sasa_A_B_mean,binding_interface_packstat_A_B_mean,binding_interface_delta_hbond_unsat_A_B_mean,binding_interface_nres_A_B_mean,binding_interface_hbonds_A_B_mean,binding_interface_sc_A_B_mean,binding_interface_dG_dSASA_ratio_A_B_mean,binding_interface_total_hbond_E_A_B_mean,binding_n_structures
Complex1,1,1,1.0611475127230243,,,,"[0.91, 0.91]","[[0.46, 0.91], [0.91, 0.83]]","[[0.76, 1.39], [1.45, 0.76]]","[0.46, 0.83]",0.45,0.0,0.91,0.54,1.06,-1024.8191441441445,-1024.8191171171175,-3.6012792792792783,-2366.050738738738,605.2816036036033,-710.835918918919,6.005945945945945,102.74695495495497,256.2664954954955,1494.2081081081078,-71.76958558558559,-79.15021621621621,-64.50747747747748,-181.05295495495488,-75.2759279279279,49.917900900900904,-106.2144594594595,1.9951531531531521,23.206324324324324,93.56799999999997,592.1261261261261,0.44285585585585596,111,-3.6283079588599634,-3.6283079588599634,123.23916148503696,0.051514921395608704,0.22522522522522523,3.8018018018018016,0.6126126126126126,0.05220805645525992,-0.0023268560785728466,-0.6816878317490664,111
Complex10,1,2,0.9974142578799854,,,,"[0.84, 0.84]","[[0.46, 0.84], [0.84, 0.8]]","[[0.76, 2.31], [2.16, 0.76]]","[0.46, 0.8]",0.45,0.0,0.84,0.52,1.0,-1047.990477477477,-1047.990477477477,-3.7033873873873873,-2373.4059099099104,591.1056216216215,-722.9545675675677,5.800135135135133,100.87507207207206,262.5941531531532,1507.2518018018022,-73.51119819819819,-82.87664864864865,-57.81154054054053,-164.534963963964,-75.17097297297295,49.38713513513513,-108.50655855855858,2.630900900900901,8.502090090090087,85.6319999999998,679.0540540540541,0.7067477477477483,111,-17.510950766905864,-17.510950766905864,568.4013572309077,0.2511874125363258,2.234234234234234,20.81981981981982,1.8018018018018018,0.2728940443144188,-0.012531889232646821,-2.0620384808327645,111
Complex11,1,3,1.076475416090996,,,,"[0.92, 0.92]","[[0.46, 0.92], [0.92, 0.78]]","[[0.76, 1.37], [1.49, 0.76]]","[0.46, 0.78]",0.47,0.0,0.92,0.52,1.08,-1046.9594954954957,-1046.9594774774775,-3.7023783783783775,-2267.3109189189195,550.6036126126126,-685.1682792792791,5.658477477477479,94.46236936936936,248.19334234234233,1366.5125855855858,-73.29631531531535,-110.79019819819821,-56.7720990990991,-131.6189279279279,-69.58608108108109,42.74571171171171,-110.20378378378375,1.9006216216216218,30.641765765765783,119.90799999999987,664.981981981982,0.8630720720720715,111,-32.34990344358202,-32.34990344358202,934.8888993825054,0.4286832027037862,2.981981981981982,33.26126126126126,3.135135135135135,0.46637652519049944,-0.02265051836169343,-3.3682676920539447,111
Complex12,1,1,1.0672539792163238,,,,"[0.91, 0.91]","[[0.46, 0.91], [0.91, 0.83]]","[[0.76, 1.37], [1.33, 0.76]]","[0.46, 0.83]",0.46,0.0,0.91,0.53,1.07,-1083.0542612612614,-1083.0542342342344,-3.8015495495495495,-2351.698378378378,566.0669009009008,-717.5079909909907,5.650126126126125,95.99181081081083,258.8496846846847,1438.9793063063064,-76.29130630630631,-92.41944144144148,-55.631972972972974,-160.64335135135136,-73.87514414414414,46.242513513513515,-105.38572972972975,1.8575225225225234,24.869252252252252,114.58899999999996,609.8648648648649,1.1038198198198192,111,-18.952818050548363,-18.952818050548363,582.8573583341432,0.2762821440810072,1.4864864864864864,21.783783783783782,2.8828828828828827,0.25171899674712,-0.013288157815584463,-2.976696948823158,111
Complex13,1,0,0.7925346069435457,,,,"[0.59, 0.59]","[[0.46, 0.59], [0.59, 0.78]]","[[0.76, 7.64], [6.82, 0.76]]","[0.46, 0.78]",0.46,0.0,0.59,0.47,0.79,-983.4090810810809,-983.4090900900899,-3.5933693693693685,-2269.818531531532,545.2610810810811,-661.8008378378378,5.664882882882887,95.72212612612611,281.78281981981974,1358.9341171171166,-75.13547747747751,-101.64251351351353,-61.19099099099103,-131.44642342342343,-70.96685585585588,47.32718018018018,-115.9901711711711,2.519693693693693,35.78991891891892,134.5200000000003,600.6666666666666,0.6538918918918918,111,-7.576295640531329,-7.576295640531329,304.92126334513677,0.23431453859491874,0.9459459459459459,12.684684684684685,1.09009009009009,0.23585249356052898,-0.009047359243934234,-1.2409179698695827,111
Complex14,1,2,0.9969199770535806,,,,"[0.82, 0.82]","[[0.46, 0.82], [0.82, 0.78]]","[[0.76, 2.57], [2.37, 0.76]]","[0.46, 0.78]",0.47,0.0,0.82,0.51,1.0,-918.5345585585585,-918.5345405405405,-3.636783783783783,-2185.050990990992,539.8925135135136,-613.4384234234234,5.5593873873873845,97.05044144144148,245.21973873873864,1340.464459459459,-70.5997027027027,-73.3049189189189,-52.79695495495498,-152.25490990990986,-72.12243243243245,44.487072072072074,-102.38635135135138,2.5723783783783785,24.14528828828828,107.06999999999984,500.5315315315315,0.5960450450450451,111,-3.2926039359137365,-3.2926039359137365,117.52353866171377,0.07689324767469051,0.2882882882882883,4.36936936936937,0.5315315315315315,0.07487162343553595,-0.0034255888173848874,-0.5906265714576846,111
Complex15,1,1,1.0902182377422358,,,,"[0.93, 0.93]","[[0.47, 0.93], [0.93, 0.8]]","[[0.76, 1.23], [1.21, 0.76]]","[0.47, 0.8]",0.48,0.0,0.93,0.53,1.09,-1012.2041171171167,-1012.2040990990987,-3.758765765765766,-2275.068882882883,559.2000180180183,-694.3702432432433,5.541603603603605,97.21282882882878,246.5647477477477,1434.2946216216214,-78.13661261261258,-89.50511711711712,-62.157090090090065,-155.37465765765768,-68.98454954954957,45.02988288288287,-101.70207207207207,1.8045495495495485,24.284990990990988,102.40300000000012,609.5855855855856,0.5173603603603604,111,-19.899157419649953,-19.899157419649953,570.248570593375,0.23307280283594067,2.108108108108108,19.56756756756757,2.4864864864864864,0.24428810018139915,-0.012347087697705195,-2.948848777889717,111
Complex16,1,1,0.8876972661762378,,,,"[0.7, 0.7]","[[0.45, 0.7], [0.7, 0.8]]","[[0.76, 3.62], [3.43, 0.76]]","[0.45, 0.8]",0.45,0.0,0.7,0.5,0.89,-1048.4023963963964,-1048.4023963963964,-3.731630630630628,-2385.903009009009,583.7770180180183,-731.3973603603604,5.74990990990991,102.95371171171168,253.36401801801793,1533.4317297297303,-86.94937837837837,-86.05843243243244,-62.0493243243243,-173.7587837837838,-73.22309909909909,50.317540540540534,-105.76146846846851,2.3550990990990996,26.024180180180178,102.06500000000001,638.9099099099099,0.39180180180180174,111,-11.100852028809639,-11.100852028809639,396.9925909597996,0.21882323189542421,1.0810810810810811,16.495495495495497,1.5765765765765767,0.21736403266051868,-0.009689476594450895,-1.7483307268266552,111
Complex17,1,4,1.060372454415189,,,,"[0.91, 0.91]","[[0.46, 0.91], [0.91, 0.82]]","[[0.76, 1.45], [1.43, 0.76]]","[0.46, 0.82]",0.45,0.0,0.91,0.54,1.06,-1073.4227657657657,-1073.4227567567568,-3.7018558558558547,-2430.077981981982,591.9282882882884,-725.65527027027,5.861243243243244,100.60450450450452,257.172117117117,1524.2128558558557,-68.19390990990995,-89.32450450450443,-54.84072072072073,-177.57211711711713,-77.98399999999998,49.17087387387387,-110.75392792792795,2.1068738738738735,33.586945945945956,99.37299999999976,678.6936936936937,0.6653873873873877,111,-10.528627477159741,-10.528627477159741,321.9993758358543,0.1108339384945409,1.3603603603603605,11.531531531531531,1.1891891891891893,0.10755122110650346,-0.005421758053837541,-1.4399468242618827,111
Complex18,1,4,1.0517556387553446,,,,"[0.9, 0.9]","[[0.46, 0.9], [0.9, 0.82]]","[[0.76, 1.63], [1.65, 0.76]]","[0.46, 0.82]",0.45,0.0,0.9,0.54,1.05,-1061.0645765765767,-1061.0645855855857,-3.6754594594594576,-2494.5781801801786,584.184081081081,-711.0251171171171,5.9423513513513475,103.67287387387388,278.62899999999985,1499.0906306306317,-78.78043243243243,-86.37007207207206,-62.56877477477475,-165.95703603603604,-77.5705495495496,56.86252252252252,-115.57577477477479,2.547648648648649,83.69931531531532,119.8310000000001,717.9099099099099,0.5776036036036035,111,-19.3493737481946,-19.3493737481946,656.9820922413011,0.3117680550254426,2.081081081081081,24.306306306306308,3.6126126126126126,0.2942164033852719,-0.014295823371109264,-3.820857273186489,111
Complex19,1,1,0.6910808316050427,,,,"[0.46, 0.46]","[[0.45, 0.46], [0.46, 0.78]]","[[0.76, 8.04], [9.09, 0.76]]","[0.45, 0.78]",0.47,0.0,0.46,0.46,0.69,-930.2506666666667,-930.2506666666667,-3.5023783783783786,-2241.3271711711704,572.1778198198198,-641.398981981982,5.761558558558557,99.18579279279281,239.41449549549552,1421.1545315315313,-80.63190090090086,-68.24997297297298,-62.35106306306307,-152.5404144144144,-75.59178378378378,45.248693693693696,-104.83373873873875,2.200144144144144,16.6274054054054,97.54800000000004,548.3063063063063,0.8585585585585586,111,-1.7386801412880075,-1.7386801412880075,63.54061433439036,0.027107045844534827,0.18018018018018017,2.1621621621621623,0.2882882882882883,0.0231955084983293,-0.0011897724108658038,-0.3257126659695769,111
Complex2,1,4,1.026701244162416,,,,"[0.86, 0.86]","[[0.46, 0.86], [0.86, 0.78]]","[[0.76, 2.04], [2.05, 0.76]]","[0.46, 0.78]",0.48,0.0,0.86,0.51,1.03,-1038.2080270270271,-1038.2080360360362,-3.7720450450450445,-2251.9490810810803,542.7708108108109,-658.9450720720718,5.685900900900902,94.83457657657662,244.4073513513514,1351.8347477477482,-71.63326126126125,-107.23281081081082,-46.288207207207215,-139.46888288288295,-71.77862162162162,42.56941441441443,-108.42175675675678,2.296468468468468,12.288711711711711,124.07999999999994,704.8918918918919,0.5139909909909911,111,-52.1111464792358,-52.1111464792358,1570.621116213731,0.6151269423780943,11.927927927927929,54.6036036036036,4.783783783783784,0.5904923602938652,-0.029969418823571656,-4.6331696025017015,111
Complex20,1,2,0.9824670771027876,,,,"[0.82, 0.82]","[[0.46, 0.82], [0.82, 0.77]]","[[0.76, 2.82], [2.99, 0.76]]","[0.46, 0.77]",0.46,0.0,0.82,0.5,0.98,-1037.143882882883,-1037.1438468468468,-3.6343603603603625,-2275.671315315315,550.9888828828828,-656.5346306306308,5.644054054054057,91.30966666666666,259.73018018018007,1335.9705855855852,-73.04506306306308,-111.25654054054051,-48.94300000000002,-136.26410810810813,-69.66346846846847,42.108882882882874,-104.38626126126128,2.347873873873874,14.980621621621616,138.5849999999996,638.1981981981982,0.5885315315315314,111,-31.331039786319042,-31.331039786319042,921.863866443648,0.4530283966963202,2.6576576576576576,36.85585585585586,3.4504504504504503,0.46422943392315424,-0.023451824063551046,-3.6517024257129966,111
Complex21,1,4,1.0086461256627235,,,,"[0.85, 0.85]","[[0.46, 0.85], [0.85, 0.81]]","[[0.76, 2.44], [2.25, 0.76]]","[0.46, 0.81]",0.45,0.0,0.85,0.52,1.01,-1118.4148378378377,-1118.414891891892,-3.8211981981981995,-2416.6362252252266,584.4907837837837,-763.6383873873876,5.805792792792792,99.64985585585586,254.79745045045044,1506.6870000000006,-73.74046846846845,-93.13963963963961,-60.954189189189194,-169.8613873873873,-72.14981981981983,49.3513153153153,-103.74930630630631,1.656882882882883,23.176765765765758,112.99400000000013,674.918918918919,0.6660270270270272,111,-48.92939552344994,-48.92939552344994,1509.189507431652,0.5800043147463644,7.351351351351352,54.108108108108105,5.801801801801802,0.537170719993007,-0.028256694034108663,-6.979457287333649,111
Complex22,1,0,1.0205797980584546,,,,"[0.87, 0.87]","[[0.46, 0.87], [0.87, 0.78]]","[[0.76, 1.73], [1.97, 0.76]]","[0.46, 0.78]",0.44,0.0,0.87,0.52,1.02,-1053.6354864864861,-1053.6354864864861,-3.7068378378378375,-2387.2613693693697,603.3722162162161,-741.5857477477479,5.802729729729728,103.05793693693695,253.9840270270271,1543.6350900900902,-76.95843243243242,-79.70523423423418,-57.29170270270269,-178.29575675675682,-70.85518918918919,52.09736936936937,-106.34794594594591,1.9882342342342347,8.462900900900902,75.37100000000005,678.7837837837837,0.6015495495495498,111,-20.403195952665293,-20.403195952665293,722.1151276542138,0.27582931518514137,3.099099099099099,26.89189189189189,3.045045045045045,0.25898502552294517,-0.01200789048807928,-2.8087680594693714,111
Complex23,1,4,1.0477066101739787,,,,"[0.89, 0.89]","[[0.46, 0.89], [0.89, 0.8]]","[[0.76, 1.84], [1.55, 0.76]]","[0.46, 0.8]",0.46,0.0,0.89,0.53,1.05,-1028.5635405405408,-1028.563531531532,-3.67954054054054,-2334.986936936937,572.7641441441442,-712.7444324324322,5.63252252252252,100.1840630630631,250.79217117117122,1472.4755765765763,-74.806018018018,-88.2883153153153,-52.28721621621621,-156.6796126126127,-79.08024324324326,50.08468468468469,-108.53236036036034,2.1958108108108103,35.35411711711712,92.44899999999997,616.1081081081081,0.5887657657657657,111,-11.166650036030656,-11.166650036030656,403.75101401308405,0.2231039286766448,1.1891891891891893,14.873873873873874,1.5135135135135136,0.2123090953708769,-0.009718864359213042,-1.6370441493128316,111
Complex24,1,2,0.7034535996848533,,,,"[0.47, 0.47]","[[0.46, 0.47], [0.47, 0.71]]","[[0.76, 10.93], [10.06, 0.76]]","[0.46, 0.71]",0.46,0.0,0.47,0.47,0.7,-906.5466216216217,-906.5466216216217,-3.5639009009009013,-2177.8143783783785,562.6617207207206,-624.9221531531532,5.748171171171172,98.6196756756757,238.26147747747743,1362.9925945945947,-74.25696396396397,-73.04318018018017,-56.084567567567596,-152.38658558558555,-73.68498198198196,42.80335135135135,-106.02725225225227,2.7053063063063063,12.445477477477477,108.46999999999986,528.4324324324324,0.5294684684684684,111,-3.5928524675113147,-3.5928524675113147,126.50587240754058,0.06900814632857522,0.2972972972972973,4.675675675675675,0.44144144144144143,0.08113224374818372,-0.0037116018027858444,-0.5725195780299657,111
Complex25,1,4,1.0215923376242022,,,,"[0.85, 0.85]","[[0.46, 0.85], [0.85, 0.79]]","[[0.76, 2.26], [2.41, 0.76]]","[0.46, 0.79]",0.48,0.0,0.85,0.51,1.02,-1000.2186126126129,-1000.2186126126129,-3.682747747747747,-2236.939666666666,552.65072972973,-675.7006666666667,5.558936936936936,96.1787747747747,243.0534144144145,1397.5315225225227,-77.46681081081078,-86.19864864864863,-53.15295495495495,-149.6466126126126,-73.78357657657656,43.73213513513512,-101.00436036036038,2.29327027027027,16.471648648648642,99.44100000000007,626.7567567567568,0.4460180180180178,111,-21.43881722409421,-21.43881722409421,745.4281274571316,0.41381775233857254,1.8108108108108107,26.693693693693692,3.5135135135135136,0.41971968262045234,-0.018970355975552036,-3.8013663287283572,111
Complex26,1,1,1.0972218078984624,,,,"[0.94, 0.94]","[[0.47, 0.94], [0.94, 0.82]]","[[0.76, 1.05], [1.04, 0.76]]","[0.47, 0.82]",0.48,0.0,0.94,0.53,1.1,-1035.1971081081085,-1035.1971081081085,-3.8424324324324335,-2277.995126126126,556.035927927928,-700.3208198198195,5.4833603603603605,97.63269369369372,242.06254954954963,1448.1501261261255,-76.76206306306307,-92.0165135135135,-60.31533333333332,-156.04774774774782,-69.9396036036036,47.22996396396395,-108.62359459459459,2.577837837837838,10.872918918918915,100.08799999999987,588.8738738738739,0.5326306306306307,111,-6.301886135786068,-6.301886135786068,227.12607462687814,0.1334712870543914,0.38738738738738737,7.81981981981982,1.009009009009009,0.13314317811179804,-0.0058089388934482265,-1.1014683965093452,111
Complex27,1,1,1.0804453435741808,,,,"[0.92, 0.92]","[[0.46, 0.92], [0.92, 0.78]]","[[0.76, 1.3], [1.29, 0.76]]","[0.46, 0.78]",0.48,0.0,0.92,0.52,1.08,-980.9681261261265,-980.9681171171173,-3.743486486486485,-2233.706855855856,547.4240450450449,-657.1348288288285,5.56253153153153,93.51195495495494,245.70585585585587,1353.210495495496,-80.14263963963968,-103.84454954954955,-49.91000000000001,-129.62322522522527,-71.27806306306306,41.13835135135135,-105.62385585585582,2.469675675675674,36.94117117117116,127.66300000000007,558.1351351351351,0.41199999999999987,111,-9.133189363514253,-9.133189363514253,305.32103850526363,0.14879253962562514,1.3423423423423424,11.36036036036036,0.7027027027027027,0.14985789130399893,-0.006931619026258581,-0.7834818864402684,111
Complex28,1,4,1.0533107194017115,,,,"[0.89, 0.89]","[[0.46, 0.89], [0.89, 0.78]]","[[0.76, 1.59], [1.64, 0.76]]","[0.46, 0.78]",0.48,0.0,0.89,0.51,1.05,-1009.664333333333,-1009.664333333333,-3.866180180180181,-2232.842945945946,548.9206936936936,-675.9279729729731,5.517081081081079,93.0299279279279,237.6840090090091,1382.3607657657665,-71.76517117117119,-93.82237837837835,-51.84288288288289,-145.05873873873867,-72.94570270270272,42.87126126126125,-99.86576576576579,1.8438198198198206,25.191378378378385,100.22999999999973,598.990990990991,0.6248378378378379,111,-28.12492209358155,-28.12492209358155,824.8827921398853,0.4328225884560427,1.981981981981982,27.26126126126126,3.099099099099099,0.45487551646189645,-0.021909849394441766,-3.2133196910845196,111
Complex29,1,1,1.0899010142386778,,,,"[0.93, 0.93]","[[0.47, 0.93], [0.93, 0.75]]","[[0.76, 1.33], [1.23, 0.76]]","[0.47, 0.75]",0.49,0.0,0.93,0.52,1.09,-970.246081081081,-970.2460990990991,-3.797585585585584,-2229.5460360360366,559.5371081081081,-667.6900990990994,5.565540540540539,97.45121621621621,246.0113333333333,1391.3684414414422,-77.05038738738743,-92.8645945945946,-54.66898198198199,-143.97080180180174,-69.85527927927926,42.26294594594595,-102.53350450450453,1.7332162162162161,33.65268468468468,93.76200000000006,593.3783783783783,0.3864954954954956,111,-31.455844188973625,-31.455844188973625,909.5648027703887,0.40007942054587886,2.4684684684684686,31.28828828828829,3.2432432432432434,0.4421616596681578,-0.0211053955262528,-3.4762981919611384,111
Complex3,1,2,1.0047080204097725,,,,"[0.84, 0.84]","[[0.46, 0.84], [0.84, 0.79]]","[[0.76, 2.09], [2.51, 0.76]]","[0.46, 0.79]",0.45,0.0,0.84,0.52,1.0,-1009.3685855855857,-1009.3685945945946,-3.65318018018018,-2328.62163063063,577.5147837837839,-703.2923333333333,5.654171171171171,99.36242342342342,274.8764954954956,1461.432738738739,-77.2213963963964,-80.42530630630631,-58.976405405405416,-167.69995495495496,-74.17040540540543,49.296792792792786,-102.77605405405406,2.466063063063063,5.83944144144144,110.44599999999993,661.7477477477478,0.5790630630630632,111,-12.388705447107188,-12.388705447107188,401.49366106499707,0.21057449644283735,1.5675675675675675,14.585585585585585,1.5675675675675675,0.22038520630952474,-0.010259993476599278,-1.7765277617799837,111
Complex31,1,3,1.084009545061951,,,,"[0.94, 0.94]","[[0.46, 0.94], [0.94, 0.85]]","[[0.76, 1.22], [1.05, 0.76]]","[0.46, 0.85]",0.45,0.0,0.94,0.55,1.08,-1175.438387387387,-1175.438387387387,-3.768756756756757,-2492.49290990991,610.4767117117117,-789.0112612612614,5.906198198198198,102.7326936936937,258.6835315315315,1574.0903693693692,-74.8218918918919,-91.58340540540537,-71.07591891891889,-181.8780360360361,-75.11197297297299,53.674855855855874,-105.97897297297297,1.914693693693694,18.464909909909913,83.73899999999978,785.6666666666666,0.6014504504504504,111,-25.271957552347143,-25.271957552347143,842.6227391434861,0.3125144092224644,3.2522522522522523,31.234234234234233,3.27027027027027,0.3337538300065307,-0.015050175999999933,-3.314486553767377,111
Complex32,1,3,0.987004404055815,,,,"[0.82, 0.82]","[[0.46, 0.82], [0.82, 0.8]]","[[0.76, 2.68], [2.67, 0.76]]","[0.46, 0.8]",0.44,0.0,0.82,0.53,0.99,-1038.1276666666663,-1038.1276666666663,-3.449522522522523,-2371.7385045045053,597.7504684684684,-729.8259279279281,5.878018018018023,104.36350450450453,248.12246846846844,1535.2851531531528,-75.782045045045,-68.25719819819824,-59.19650450450451,-186.25409009009007,-79.46970270270275,50.2017927927928,-111.65610810810817,2.1466036036036047,12.245603603603598,90.94199999999984,654.4234234234234,0.5667297297297295,111,-11.42999351486565,-11.42999351486565,461.2318134576441,0.2578663321654837,1.0990990990990992,17.513513513513512,1.4324324324324325,0.26326878993092356,-0.010231068217385871,-1.6620793356710994,111
Complex33,1,1,1.0651400434439855,,,,"[0.91, 0.91]","[[0.47, 0.91], [0.91, 0.84]]","[[0.76, 1.45], [1.33, 0.76]]","[0.47, 0.84]",0.46,0.0,0.91,0.54,1.07,-1117.0534144144142,-1117.0534144144142,-3.703009009009009,-2419.362333333332,585.2379189189188,-721.4522342342343,5.944891891891895,103.52254954954951,265.5653783783784,1497.8954774774777,-81.48875675675674,-87.95726126126124,-63.07727927927929,-170.87356756756756,-71.5371261261261,49.208099099099094,-108.68411711711715,1.400243243243243,-8.204144144144143,109.93399999999986,688.0,0.5774774774774777,111,-14.098847117167754,-14.098847117167754,468.1833097595393,0.2222959337492344,1.7117117117117118,14.747747747747749,2.2072072072072073,0.21351140321375014,-0.010000967759534428,-2.148856890440065,111
Complex34,1,2,0.9867344322646108,,,,"[0.82, 0.82]","[[0.46, 0.82], [0.82, 0.79]]","[[0.76, 2.63], [2.84, 0.76]]","[0.46, 0.79]",0.46,0.0,0.82,0.51,0.99,-879.8994594594593,-879.8994594594593,-3.5213153153153156,-2147.4476576576576,539.3715495495493,-590.8441171171171,5.6105405405405415,95.70841441441438,242.05372972972964,1309.6038468468464,-76.6552162162162,-80.2305765765766,-49.11027927927929,-136.20189189189185,-73.19665765765761,41.575864864864876,-109.362072072072,2.6867747747747757,20.53641441441441,128.93800000000007,519.5855855855856,0.5849729729729732,111,-3.091492704073998,-3.091492704073998,119.392294803087,0.07765801533024501,0.42342342342342343,4.378378378378378,0.38738738738738737,0.09228132410092396,-0.003494312433475187,-0.45206920757711,111
Complex35,1,1,1.0724111161601042,,,,"[0.92, 0.92]","[[0.45, 0.92], [0.92, 0.8]]","[[0.76, 1.32], [1.43, 0.76]]","[0.45, 0.8]",0.47,0.0,0.92,0.53,1.07,-1040.830027027027,-1040.830054054054,-3.7100540540540554,-2325.705342342343,578.6956576576578,-715.9349549549547,5.588180180180181,97.06636036036035,249.2421171171171,1466.3630270270262,-77.01751351351352,-90.75903603603602,-57.91716216216217,-162.83774774774784,-71.35314414414415,45.165585585585596,-104.72291891891896,2.111720720720721,26.0274954954955,98.25,699.2792792792793,0.618045045045045,111,-35.279388823223954,-35.279388823223954,1118.7749640971635,0.34238097483291624,4.441441441441442,36.108108108108105,5.963963963963964,0.3294567389262689,-0.016173918188700655,-7.090948324445581,111
Complex36,1,4,1.022950712660632,,,,"[0.85, 0.85]","[[0.46, 0.85], [0.85, 0.76]]","[[0.76, 2.35], [2.31, 0.76]]","[0.46, 0.76]",0.48,0.0,0.85,0.5,1.02,-990.7790720720718,-990.7790630630628,-3.678945945945946,-2226.6181891891897,551.9141981981982,-685.4827207207207,5.526630630630629,95.4283873873874,239.72448648648654,1388.6605315315317,-72.6562972972973,-85.18774774774774,-54.120585585585594,-155.06536036036033,-72.43836936936937,45.47746846846846,-95.86358558558558,2.122189189189189,21.999891891891885,108.95900000000017,590.0450450450451,0.5197297297297294,111,-23.999443115996826,-23.999443115996826,767.2259468020254,0.43904116540656074,2.3783783783783785,29.61261261261261,2.7927927927927927,0.44785753214681473,-0.021236163620506093,-3.3891551329207426,111
Complex37,1,0,0.9481945729311406,,,,"[0.78, 0.78]","[[0.45, 0.78], [0.78, 0.8]]","[[0.76, 2.89], [2.84, 0.76]]","[0.45, 0.8]",0.44,0.0,0.78,0.51,0.95,-1164.269756756757,-1164.269756756757,-3.8220990990991,-2424.353486486486,586.9035855855855,-779.6223333333334,5.762873873873872,102.33306306306308,256.1979999999999,1549.2733513513508,-74.05058558558558,-91.4588558558559,-60.299828828828836,-185.76356756756752,-73.28512612612612,49.68053153153154,-104.48156756756754,1.6299369369369368,-10.58446846846847,91.131,731.4144144144144,0.5403423423423425,111,-38.67356051152843,-38.67356051152843,1264.9408265428406,0.5124911709832555,4.7207207207207205,45.351351351351354,5.603603603603603,0.49976975151950176,-0.023924193817708085,-6.129048558530758,111
Complex38,1,4,1.052965324769123,,,,"[0.89, 0.89]","[[0.46, 0.89], [0.89, 0.79]]","[[0.76, 1.61], [1.67, 0.76]]","[0.46, 0.79]",0.47,0.0,0.89,0.53,1.05,-1011.8747027027028,-1011.8747207207208,-3.654288288288288,-2292.4130810810807,577.5901081081081,-698.4793063063066,5.750873873873875,102.5762252252252,243.02398198198196,1448.0401621621622,-72.26039639639637,-80.30259459459457,-56.06172072072069,-159.51156756756757,-74.48503603603604,46.309639639639656,-113.17161261261262,2.1760810810810804,24.33445045045046,88.30699999999999,581.3693693693693,0.35619819819819815,111,-5.173092960530926,-5.173092960530926,192.71719697093633,0.09906448272050969,0.46846846846846846,6.711711711711712,0.9459459459459459,0.09964967780822032,-0.004708118086284793,-1.1594099891092042,111
Complex39,1,1,1.0831162094891609,,,,"[0.93, 0.93]","[[0.46, 0.93], [0.93, 0.86]]","[[0.76, 1.01], [1.04, 0.76]]","[0.46, 0.86]",0.45,0.0,0.93,0.55,1.08,-1119.9105585585585,-1119.9105495495496,-3.7777027027027033,-2505.7187117117114,603.6267927927927,-780.2229549549554,5.8851981981982,103.51239639639641,275.056054054054,1562.226927927928,-78.24684684684686,-89.127063063063,-68.19740540540542,-184.50218018018018,-71.1923243243243,52.40089189189188,-111.82967567567562,2.05363063063063,64.93730630630633,102.65200000000003,742.4864864864865,0.553108108108108,111,-22.918435953796333,-22.918435953796333,764.0719146155627,0.2733137304362528,1.5045045045045045,25.864864864864863,2.972972972972973,0.2702730426917205,-0.012805930938088716,-3.7806405328276544,111
Complex4,1,4,1.0218622791582923,,,,"[0.87, 0.87]","[[0.46, 0.87], [0.87, 0.84]]","[[0.76, 1.84], [1.8, 0.76]]","[0.46, 0.84]",0.44,0.0,0.87,0.54,1.02,-1155.8659009009004,-1155.8658738738734,-3.7401261261261247,-2495.0170630630637,598.1653873873876,-767.5586216216216,5.962684684684685,105.38076576576584,263.7728738738738,1544.3460990990995,-76.14609009009014,-92.96554954954952,-72.34354054054054,-178.74809909909914,-75.50251351351346,55.43220720720722,-105.56519819819827,1.8092162162162155,9.344513513513515,126.89700000000032,696.0900900900901,0.6099819819819818,111,-20.962692005731828,-20.962692005731828,710.0552325805932,0.31936768239043006,2.6666666666666665,26.774774774774773,3.1531531531531534,0.29683639109134674,-0.014095355184230458,-3.540153523389027,111
Complex40,1,1,1.0795804979160637,,,,"[0.92, 0.92]","[[0.46, 0.92], [0.92, 0.79]]","[[0.76, 1.36], [1.36, 0.76]]","[0.46, 0.79]",0.48,0.0,0.92,0.53,1.08,-1001.1386396396399,-1001.1386306306308,-3.792594594594593,-2275.1202162162162,569.3125945945947,-692.6874684684686,5.608792792792792,96.7713063063063,247.4256846846847,1428.693468468468,-88.19196396396399,-92.14814414414414,-58.78418918918916,-141.83379279279276,-68.97103603603605,41.3078108108108,-105.6416756756757,2.5461531531531527,32.754351351351346,101.01100000000025,613.3333333333334,0.6015945945945947,111,-28.900004786005432,-28.900004786005432,956.4311742222712,0.4627534107217834,3.3333333333333335,32.027027027027025,4.918918918918919,0.4445364120173025,-0.020468963190407738,-4.978405862080374,111
Complex41,1,2,1.09544224408128,,,,"[0.94, 0.94]","[[0.47, 0.94], [0.94, 0.79]]","[[0.76, 1.24], [1.13, 0.76]]","[0.47, 0.79]",0.48,0.0,0.94,0.52,1.1,-940.7104864864866,-940.7104774774778,-3.751423423423425,-2247.0986216216215,546.3314504504502,-636.9222162162162,5.475612612612611,93.96324324324328,256.5519279279278,1374.836936936937,-66.90442342342341,-87.9324234234234,-63.47936036036032,-144.59718918918918,-70.28896396396401,52.55654054054053,-99.73236036036036,1.9528018018018019,36.98542342342342,110.78000000000016,606.0990990990991,0.5623513513513512,111,-8.536716018597428,-8.536716018597428,276.9424514769816,0.15410845052660577,0.9819819819819819,9.81081081081081,1.1891891891891893,0.16276877165377676,-0.007143366196826217,-1.2883284415812053,111
Complex42,1,2,1.097032492807297,,,,"[0.93, 0.93]","[[0.47, 0.93], [0.93, 0.77]]","[[0.76, 1.3], [1.29, 0.76]]","[0.47, 0.77]",0.5,0.0,0.93,0.52,1.1,-884.2710090090088,-884.2709999999998,-3.6263423423423435,-2175.655171171171,534.5858018018017,-617.6969459459457,5.488117117117115,93.50941441441445,241.22200900900896,1334.4579729729733,-73.91099999999999,-77.70700000000001,-44.91747747747747,-142.5287297297297,-72.31521621621621,42.89276576576577,-97.94820720720726,2.9389279279279275,56.96933333333334,109.54099999999983,495.52252252252254,0.430108108108108,111,-8.88007348261675,-8.88007348261675,284.1361345576973,0.15479177476152678,1.009009009009009,10.945945945945946,1.0360360360360361,0.17053980393721177,-0.0077385360467807,-1.237590715918008,111
Complex43,1,4,1.0724727452785885,,,,"[0.92, 0.92]","[[0.46, 0.92], [0.92, 0.85]]","[[0.76, 1.24], [1.2, 0.76]]","[0.46, 0.85]",0.45,0.0,0.92,0.54,1.07,-1063.9965045045044,-1063.9965135135135,-3.742495495495498,-2369.2990000000004,552.6536306306306,-723.7803963963963,5.645918918918918,97.3414054054054,251.54541441441452,1457.31217117117,-75.31471171171167,-92.05717117117116,-54.31433333333332,-158.97009009009005,-73.77277477477479,50.87718918918917,-106.13927027027029,2.4306396396396397,42.29436936936937,132.78100000000038,668.7567567567568,0.512027027027027,111,-20.0592442832589,-20.0592442832589,609.5475274712412,0.26751423151812226,2.5495495495495497,22.53153153153153,2.918918918918919,0.2623253805680318,-0.013614633290736767,-2.995086822392685,111
Complex44,1,4,0.9824912489218868,,,,"[0.82, 0.82]","[[0.46, 0.82], [0.82, 0.78]]","[[0.76, 2.86], [3.32, 0.76]]","[0.46, 0.78]",0.44,0.0,0.82,0.53,0.98,-1105.9087207207208,-1105.908738738739,-3.754972972972972,-2468.1659549549554,604.4708558558561,-778.0334144144141,5.875801801801801,105.8694144144144,257.57916216216216,1576.7584864864866,-77.59383783783782,-94.20756756756757,-69.5924054054054,-167.97794594594595,-73.36328828828832,55.08104504504504,-104.7040810810811,1.7914234234234243,30.55795495495495,92.90099999999988,753.4504504504505,0.5992342342342342,111,-28.808710386021147,-28.808710386021147,937.755528008864,0.34266336149466436,5.7207207207207205,34.75675675675676,3.5495495495495497,0.3103102795981072,-0.01677962230508767,-3.390857437154748,111
Complex46,1,4,0.9049519196563592,,,,"[0.72, 0.72]","[[0.46, 0.72], [0.72, 0.77]]","[[0.76, 3.64], [3.79, 0.76]]","[0.46, 0.77]",0.46,0.0,0.72,0.5,0.9,-1004.7555315315316,-1004.7555135135135,-3.6311801801801806,-2311.9264144144154,589.0733783783784,-695.6114774774774,5.765945945945947,98.88028828828828,245.99309909909914,1452.5354234234226,-73.14881981981983,-82.80436036036036,-57.296450450450486,-156.98124324324326,-74.1001351351351,49.17018018018016,-106.6716756756757,1.9740090090090083,24.590459459459453,88.70000000000002,687.3513513513514,0.7339009009009004,111,-10.679836062058069,-10.679836062058069,326.2201872941829,0.13257497133692792,0.6666666666666666,12.54054054054054,1.6396396396396395,0.1414348046790372,-0.006582889618653294,-1.9759181126652539,111
Complex47,1,1,1.0697599071549768,,,,"[0.92, 0.92]","[[0.46, 0.92], [0.92, 0.81]]","[[0.76, 1.2], [1.26, 0.76]]","[0.46, 0.81]",0.45,0.0,0.92,0.54,1.07,-1147.797846846847,-1147.7978468468473,-3.8249009009009014,-2504.056441441441,602.1997207207206,-778.6231801801803,5.939315315315316,103.61773873873875,272.86542342342347,1565.3903873873867,-80.70095495495491,-95.36575675675675,-58.30322522522522,-181.13412612612615,-80.61288288288287,50.58965765765765,-108.25594594594597,2.4196576576576585,36.03205405405406,103.3529999999998,736.7027027027027,0.6724054054054057,111,-24.25558650306503,-24.25558650306503,733.5453980828539,0.3032702521106073,2.369369369369369,25.882882882882882,4.801801801801802,0.29802550831893543,-0.015354350520016697,-4.700147079913956,111
Complex48,1,1,1.045840921935742,,,,"[0.89, 0.89]","[[0.45, 0.89], [0.89, 0.82]]","[[0.76, 1.53], [1.32, 0.76]]","[0.45, 0.82]",0.45,0.0,0.89,0.53,1.05,-1132.3281261261263,-1132.328126126126,-3.7710990990990996,-2477.305513513513,612.7395045045047,-792.3042432432436,5.74981981981982,105.77227927927926,261.0513873873873,1588.71854954955,-89.23939639639646,-91.76168468468467,-63.62090090090089,-180.93242342342342,-70.4676036036036,54.70837837837837,-104.9344774774774,1.7848378378378382,32.52197297297299,78.56999999999988,781.063063063063,0.39232432432432435,111,-29.581764464918074,-29.581764464918074,871.1783589535444,0.30041986503645196,4.396396396396397,30.774774774774773,4.225225225225225,0.289277965958054,-0.015308685457612967,-4.666760238965643,111
Complex49,1,1,1.0842694013880054,,,,"[0.93, 0.93]","[[0.46, 0.93], [0.93, 0.86]]","[[0.76, 1.18], [1.14, 0.76]]","[0.46, 0.86]",0.46,0.0,0.93,0.54,1.08,-1096.6016216216215,-1096.6016126126124,-3.8076576576576584,-2407.170846846847,583.342126126126,-728.072108108108,5.7031711711711734,99.46313513513515,253.37190990990976,1499.1030810810812,-76.92567567567569,-97.03026126126126,-69.77089189189186,-164.23121621621627,-71.41672072072072,44.55917117117116,-105.6569099099099,2.126603603603604,33.607045045045055,105.08200000000019,686.8108108108108,1.1220180180180177,111,-40.527049721432626,-40.527049721432626,1218.5343877495957,0.4628021830540783,7.801801801801802,41.0990990990991,5.747747747747748,0.46558900244601137,-0.02340888848288058,-7.230802684202778,111
Complex5,1,1,0.9775107594801246,,,,"[0.81, 0.81]","[[0.46, 0.81], [0.81, 0.8]]","[[0.76, 2.63], [2.31, 0.76]]","[0.46, 0.8]",0.45,0.0,0.81,0.51,0.98,-1089.068693693694,-1089.0686846846847,-3.740702702702702,-2405.869198198198,581.2819909909906,-735.0044594594591,5.880522522522522,103.0704864864865,262.83190990990994,1513.0597387387393,-77.34995495495495,-91.2868108108108,-68.33865765765763,-166.8443243243244,-72.8702162162162,48.906927927927946,-108.78282882882881,2.6500630630630635,18.522504504504496,104.20900000000013,659.018018018018,0.605198198198198,111,-11.685023481912406,-11.685023481912406,396.3734535248361,0.22505815680662275,1.6756756756756757,14.702702702702704,1.5315315315315314,0.22085088021583385,-0.010166125934310702,-1.6045342202805792,111
Complex50,1,4,1.085508011095968,,,,"[0.93, 0.93]","[[0.46, 0.93], [0.93, 0.8]]","[[0.76, 1.26], [1.24, 0.76]]","[0.46, 0.8]",0.47,0.0,0.93,0.53,1.09,-935.8481891891895,-935.8481711711715,-3.5902972972972975,-2274.9689639639646,552.1214324324326,-653.2548468468468,5.7044144144144155,98.08846846846846,254.5078558558558,1398.591333333334,-71.28504504504504,-77.77359459459458,-56.16852252252256,-156.95080180180184,-75.57999099099098,50.09067567567568,-105.78835135135135,2.529585585585585,63.302954954954956,114.0319999999998,553.0540540540541,0.5430270270270269,111,-5.349363619139126,-5.349363619139126,208.4190894980597,0.16837818428246037,0.6576576576576577,7.747747747747748,0.8828828828828829,0.1645314435029889,-0.006289761426461133,-0.9861580316722218,111
Complex51,1,4,0.6942325881040401,,,,"[0.45, 0.45]","[[0.46, 0.45], [0.45, 0.74]]","[[0.76, 12.39], [11.8, 0.76]]","[0.46, 0.74]",0.48,0.0,0.45,0.47,0.69,-990.544765765766,-990.544783783784,-3.8307567567567578,-2162.79118018018,516.9036216216216,-650.8239459459458,5.415756756756758,90.70023423423424,230.4887567567568,1318.2098648648641,-68.30866666666665,-93.85495495495493,-48.825873873873896,-146.64019819819822,-71.76109909909911,38.47961261261261,-93.1105045045045,1.659666666666666,27.238081081081067,119.58300000000011,522.2162162162163,0.7232432432432435,111,-36.33529143137684,-36.33529143137684,1084.2124999828357,0.4764750448843406,2.5225225225225225,39.387387387387385,3.4594594594594597,0.5144876429626534,-0.02596162892507872,-3.7076098434802565,111
Complex53,1,4,1.0524540110064045,,,,"[0.9, 0.9]","[[0.46, 0.9], [0.9, 0.83]]","[[0.76, 1.62], [1.54, 0.76]]","[0.46, 0.83]",0.45,0.0,0.9,0.54,1.05,-1024.1370450450454,-1024.1370270270274,-4.634603603603605,-2447.683027027026,608.708666666667,-722.4046396396399,6.009162162162161,106.18336036036033,267.8631441441442,1540.5529099099099,-83.97508108108107,-78.7930540540541,-58.83218918918916,-172.6574414414415,-79.96949549549551,57.30331531531529,-108.2344954954955,2.3378198198198206,52.67087387387387,90.94599999999993,725.7207207207207,0.4718198198198198,111,-7.433441702190425,-7.433441702190425,256.568679009,0.10896087521929544,0.8648648648648649,10.0990990990991,1.2342342342342343,0.1021181197316797,-0.004994178119805226,-1.4002468688841936,111
Complex54,1,4,1.0578526373337764,,,,"[0.9, 0.9]","[[0.46, 0.9], [0.9, 0.8]]","[[0.76, 1.55], [1.68, 0.76]]","[0.46, 0.8]",0.46,0.0,0.9,0.53,1.06,-1052.2054954954954,-1052.2054774774774,-3.8146216216216215,-2361.646891891892,579.6194054054054,-706.2335585585588,5.615612612612614,99.19372972972972,258.15649549549556,1463.8026486486488,-70.54920720720719,-94.46918018018017,-60.306045045045046,-158.4747117117117,-74.22709909909909,50.184063063063064,-103.33484684684684,2.4062522522522527,36.022081081081076,85.18999999999991,686.8918918918919,0.6607837837837836,111,-35.7146594386869,-35.7146594386869,1162.31036541211,0.4476165253753362,3.918918918918919,40.270270270270274,4.315315315315315,0.44487423255099906,-0.021268422874461387,-4.345873811016202,111
Complex55,1,1,1.0817998439938907,,,,"[0.93, 0.93]","[[0.46, 0.93], [0.93, 0.77]]","[[0.76, 1.26], [1.2, 0.76]]","[0.46, 0.77]",0.47,0.0,0.93,0.52,1.08,-932.8875855855858,-932.8875855855858,-3.604648648648649,-2203.146666666667,545.2356486486487,-633.8293603603602,5.603954954954954,94.79483783783786,240.7597477477477,1343.7374774774776,-77.74854054054059,-93.71469369369365,-52.291828828828834,-125.32305405405411,-72.45175675675672,40.80404504504506,-109.39096396396398,2.0748198198198193,46.37766666666667,118.8250000000002,543.2432432432432,0.4004684684684684,111,-4.38347025195325,-4.38347025195325,123.08346805259939,0.05702258332318398,0.2972972972972973,4.558558558558558,0.3783783783783784,0.05819443432060448,-0.0030927642992706968,-0.45105975042656354,111
Complex56,1,2,1.0294189882385798,,,,"[0.88, 0.88]","[[0.46, 0.88], [0.88, 0.84]]","[[0.76, 2.03], [1.96, 0.76]]","[0.46, 0.84]",0.44,0.0,0.88,0.53,1.03,-976.155693693694,-976.155675675676,-3.472648648648648,-2338.5080450450455,586.6712792792791,-669.2569999999997,5.85563963963964,102.61797297297299,260.4218738738738,1471.7935045045056,-81.99470270270268,-69.64767567567564,-63.246873873873874,-159.0748738738739,-79.2778738738739,47.50216216216215,-118.31345945945944,2.5748378378378374,28.365963963963967,100.4060000000002,678.7567567567568,0.42795495495495495,111,-5.9983273722275054,-5.9983273722275054,206.7712806490512,0.14769043125891312,0.5225225225225225,8.72972972972973,0.963963963963964,0.14733833906886815,-0.006937308856037094,-1.1943121341522265,111
Complex57,1,1,1.0801192317878512,,,,"[0.92, 0.92]","[[0.46, 0.92], [0.92, 0.83]]","[[0.76, 1.2], [1.19, 0.76]]","[0.46, 0.83]",0.47,0.0,0.92,0.53,1.08,-1029.7011891891893,-1029.7011981981984,-3.7588648648648646,-2306.239171171171,583.8856936936935,-711.4120540540537,5.662288288288288,102.05673873873872,251.0495945945946,1466.2478648648655,-77.63590990990994,-87.9648198198198,-64.56418918918921,-159.71727927927927,-72.37583783783785,45.247027027027016,-108.77549549549549,2.173054054054054,20.79493693693694,85.0490000000001,606.2882882882883,0.5759459459459461,111,-5.45887583643335,-5.45887583643335,194.2074357479984,0.08332197510299032,0.5495495495495496,7.423423423423423,0.5855855855855856,0.08587741663864067,-0.003721449672230407,-0.6578842008493209,111
Complex58,1,0,0.9684914928585576,,,,"[0.8, 0.8]","[[0.46, 0.8], [0.8, 0.79]]","[[0.76, 2.9], [3.06, 0.76]]","[0.46, 0.79]",0.45,0.0,0.8,0.51,0.97,-986.678243243244,-986.678261261262,-3.648135135135134,-2270.8770810810815,573.3726486486484,-688.0587477477477,5.677072072072071,101.43621621621618,246.4384594594594,1442.3080720720727,-75.96463063063067,-83.2927747747748,-54.72356756756756,-158.11828828828834,-71.74037837837835,43.89554954954955,-105.08007207207206,2.9410630630630648,16.0087027027027,92.20399999999987,585.3693693693693,0.5434054054054055,111,-14.598524545419016,-14.598524545419016,499.2852305631459,0.21971699404234968,2.369369369369369,17.504504504504503,2.3063063063063063,0.21763068357029478,-0.009884187456788004,-2.708359272831453,111
Complex6,1,1,1.0671436450708498,,,,"[0.91, 0.91]","[[0.46, 0.91], [0.91, 0.82]]","[[0.76, 1.48], [1.37, 0.76]]","[0.46, 0.82]",0.46,0.0,0.91,0.53,1.07,-1028.8980540540545,-1028.8980630630638,-3.806153153153152,-2322.8651261261257,578.25327027027,-708.3874054054055,5.632216216216217,96.52577477477479,256.2308648648649,1465.596801801802,-82.18966666666671,-93.91490990990997,-61.11629729729732,-154.84421621621618,-70.08040540540541,43.5029099099099,-104.72822522522524,2.460108108108108,27.437432432432445,97.07999999999994,599.9099099099099,0.31445945945945947,111,-18.375767056921262,-18.375767056921262,615.8917273925789,0.2932133317864328,2.2522522522522523,21.846846846846848,1.927927927927928,0.2946924747110487,-0.01323334591416223,-2.417691758412463,111
Complex60,1,1,0.982842108808636,,,,"[0.81, 0.81]","[[0.46, 0.81], [0.81, 0.79]]","[[0.76, 2.75], [3.59, 0.76]]","[0.46, 0.79]",0.47,0.0,0.81,0.5,0.98,-985.1414054054056,-985.1413963963968,-3.788522522522523,-2224.763612612613,540.3267837837836,-656.8546306306306,5.54572072072072,95.32229729729731,238.71762162162162,1380.1515675675666,-76.18227027027028,-85.84376576576577,-54.24499999999996,-148.97793693693694,-75.8934954954955,42.26327027027027,-108.79589189189186,2.0292972972972962,27.742216216216228,117.32099999999993,543.2252252252252,0.7842792792792791,111,-13.90592744363174,-13.90592744363174,501.5998941139258,0.3416678839434491,1.7657657657657657,18.756756756756758,1.6486486486486487,0.32380001820825244,-0.014224075184004831,-1.854500623942196,111
Complex62,1,1,1.047591362608902,,,,"[0.89, 0.89]","[[0.46, 0.89], [0.89, 0.81]]","[[0.76, 1.61], [1.72, 0.76]]","[0.46, 0.81]",0.46,0.0,0.89,0.53,1.05,-1011.5085315315314,-1011.5085315315313,-3.6465675675675686,-2357.1075765765772,587.4649639639639,-708.5523423423423,5.8517657657657685,102.95884684684684,260.5216216216215,1489.3000540540536,-78.62681081081078,-81.19620720720718,-65.61156756756758,-171.51482882882885,-74.67657657657661,48.44027027027028,-109.23955855855858,2.399855855855856,42.333873873873884,98.92400000000022,622.3693693693693,0.46818018018018015,111,-2.1048877050607997,-2.1048877050607997,78.00297346768288,0.05171884116249726,0.21621621621621623,2.981981981981982,0.21621621621621623,0.04485640272095397,-0.0020172957289183325,-0.22801279501202473,111
Complex63,1,4,0.9900141265190924,,,,"[0.83, 0.83]","[[0.46, 0.83], [0.83, 0.84]]","[[0.76, 2.54], [2.98, 0.76]]","[0.46, 0.84]",0.44,0.0,0.83,0.53,0.99,-1159.158846846847,-1159.1588378378378,-3.8435405405405407,-2511.0497657657656,605.8038648648651,-769.8577837837838,5.863414414414413,102.67097297297302,279.260018018018,1549.3460720720718,-75.03617117117118,-94.95910810810805,-60.930261261261265,-182.120036036036,-75.23697297297299,48.88323423423423,-108.791990990991,2.368477477477478,33.69166666666668,94.1000000000002,777.5315315315315,0.6788828828828827,111,-28.077538407417574,-28.077538407417574,892.7514548054146,0.358817728253296,2.0,34.73873873873874,3.144144144144144,0.3393957040331385,-0.016805300564190596,-2.962411299214333,111
Complex64,1,1,1.0711198520800156,,,,"[0.91, 0.91]","[[0.46, 0.91], [0.91, 0.79]]","[[0.76, 1.39], [1.46, 0.76]]","[0.46, 0.79]",0.47,0.0,0.91,0.53,1.07,-975.8744414414414,-975.8744504504505,-3.670945945945947,-2235.041711711712,558.9796936936935,-673.8267477477477,5.616405405405405,99.51989189189187,238.80132432432436,1422.5010630630632,-76.12810810810811,-80.79558558558561,-58.82229729729732,-158.71231531531535,-73.45615315315318,43.66881081081082,-102.99109009009008,2.62827927927928,15.688288288288286,99.61700000000015,535.4414414414415,0.5491711711711711,111,-6.424923683356569,-6.424923683356569,231.92785276760148,0.15497719403503957,0.8288288288288288,8.91891891891892,0.8018018018018018,0.14700445989230732,-0.006734379065252713,-0.9698609116466762,111
Complex65,1,4,1.023232286594836,,,,"[0.86, 0.86]","[[0.46, 0.86], [0.86, 0.81]]","[[0.76, 2.42], [2.45, 0.76]]","[0.46, 0.81]",0.46,0.0,0.86,0.52,1.02,-940.8624774774775,-940.8624864864867,-3.59899099099099,-2255.0460090090073,560.1290630630631,-652.4504234234233,5.643909909909909,96.43180180180178,244.97009909909912,1402.9225945945943,-72.21652252252251,-74.75947747747749,-47.440909909909905,-157.43620720720716,-76.27629729729729,47.44790990990992,-105.53763963963969,2.1891531531531534,34.677153153153164,109.05199999999981,607.3693693693693,0.4362432432432429,111,-4.332517474681777,-4.332517474681777,159.50041008241612,0.09616940223259987,0.3153153153153153,5.513513513513513,0.6126126126126126,0.09849945059767715,-0.004169527343457825,-0.6956615323417135,111
Complex66,1,4,1.0501071360186338,,,,"[0.89, 0.89]","[[0.46, 0.89], [0.89, 0.77]]","[[0.76, 1.47], [1.48, 0.76]]","[0.46, 0.77]",0.47,0.0,0.89,0.52,1.05,-987.8741711711714,-987.8741711711714,-3.776387387387387,-2272.9995855855864,566.2273783783784,-693.4075405405406,5.647054054054053,96.67945045045046,240.1996846846847,1419.5254234234233,-70.6191981981982,-90.39760360360364,-58.38581081081082,-152.0305855855856,-75.01007207207209,45.96238738738738,-104.29065765765773,1.7626126126126116,57.50747747747751,98.57699999999996,550.8648648648649,0.9544054054054054,111,-6.953192694739555,-6.953192694739555,227.26300592709362,0.12208841904678583,0.6936936936936937,8.54054054054054,0.9819819819819819,0.133217309375067,-0.005980914078760794,-1.0310217020059247,111
Complex67,1,3,0.8106309253143519,,,,"[0.64, 0.64]","[[0.47, 0.64], [0.64, 0.79]]","[[0.76, 4.55], [7.42, 0.76]]","[0.47, 0.79]",0.42,0.0,0.64,0.44,0.81,-1114.496738738738,-1114.496738738738,-3.605837837837837,-2397.955414414414,594.5933063063062,-736.8131351351353,5.8575765765765775,101.45298198198199,254.36090090090096,1521.566486486486,-73.27972972972974,-87.01359459459461,-66.7329009009009,-177.63988288288283,-72.94969369369372,48.319279279279286,-112.31613513513517,1.982684684684684,-3.75610810810811,88.9060000000001,937.7747747747748,0.5267297297297295,111,-15.091292179057989,-15.091292179057989,518.653100564039,0.1725150777006289,1.7837837837837838,18.83783783783784,1.8198198198198199,0.16722510365752485,-0.008136801619631547,-2.2926365904344346,111
Complex68,1,2,0.9465496051874048,,,,"[0.78, 0.78]","[[0.45, 0.78], [0.78, 0.82]]","[[0.76, 3.04], [3.45, 0.76]]","[0.45, 0.82]",0.45,0.0,0.78,0.5,0.95,-972.1139189189191,-972.113918918919,-3.3860990990990985,-2339.4580990990994,592.4966036036037,-654.0251081081082,5.861549549549549,101.64163063063064,259.74678378378377,1450.3014864864863,-70.48120720720722,-77.13981081081083,-55.618675675675675,-160.319036036036,-78.47648648648648,50.49787387387386,-110.11763963963966,3.252522522522524,21.921018018018014,90.452,708.8558558558559,0.7366126126126128,111,-7.759708116384995,-7.759708116384995,288.46882375251175,0.1617522294916517,0.918918918918919,10.26126126126126,1.3063063063063063,0.15750286815402745,-0.007165821230281173,-1.523765717148811,111
Complex69,1,4,1.0663101599639606,,,,"[0.91, 0.91]","[[0.46, 0.91], [0.91, 0.79]]","[[0.76, 1.43], [1.41, 0.76]]","[0.46, 0.79]",0.46,0.0,0.91,0.54,1.07,-1113.688117117117,-1113.688117117117,-3.7259009009009003,-2369.897468468469,573.2254324324322,-743.3441621621621,5.741504504504503,97.75922522522525,249.30491891891896,1491.7198648648648,-67.48728828828828,-90.12420720720712,-58.04853153153154,-184.161009009009,-73.94479279279278,47.26074774774775,-102.77219819819817,1.9446846846846846,6.7434684684684685,105.54299999999981,672.0990990990991,0.5750090090090093,111,-28.46593591831568,-28.46593591831568,963.4670218152046,0.47824182801347115,3.4684684684684686,35.927927927927925,3.4504504504504503,0.4808658843373393,-0.02180924314730682,-3.7175792537272883,111
Complex7,1,4,1.0029703666118943,,,,"[0.84, 0.84]","[[0.45, 0.84], [0.84, 0.84]]","[[0.76, 2.33], [2.55, 0.76]]","[0.45, 0.84]",0.46,0.0,0.84,0.52,1.0,-1101.512306306306,-1101.5122972972972,-3.802711711711712,-2491.6348288288295,590.1773153153156,-731.2123153153153,5.749198198198201,100.99410810810805,284.8951531531533,1500.6806216216219,-80.08104504504506,-92.81174774774775,-64.93858558558557,-170.29468468468465,-69.15803603603602,56.9491261261261,-109.32887387387392,3.0880180180180186,54.85342342342339,113.73600000000023,778.5945945945946,0.6272972972972973,111,-42.46568375701644,-42.46568375701644,1306.8186174912787,0.41897727164138787,4.72972972972973,43.747747747747745,5.126126126126126,0.38794369029032216,-0.02186096103941619,-6.311434625343271,111
Complex70,1,1,1.0675749738574702,,,,"[0.91, 0.91]","[[0.46, 0.91], [0.91, 0.78]]","[[0.76, 1.57], [1.36, 0.76]]","[0.46, 0.78]",0.47,0.0,0.91,0.52,1.07,-883.9344684684686,-883.9344504504503,-3.559693693693692,-2138.805792792792,541.6009459459459,-614.108630630631,5.5794324324324345,94.79919819819825,232.27353153153143,1315.4833333333331,-74.17132432432435,-85.75757657657653,-50.648558558558555,-132.69833333333335,-71.38336936936933,38.61540540540539,-110.79961261261259,2.073675675675676,45.78236036036037,121.34699999999987,479.6666666666667,0.4437297297297294,111,-2.006016413166294,-2.006016413166294,77.1154906993333,0.05717228523685587,0.15315315315315314,3.0720720720720722,0.3063063063063063,0.05755149318022771,-0.00242045741467744,-0.4123482483180343,111
Complex71,1,1,1.0737244447590912,,,,"[0.91, 0.91]","[[0.46, 0.91], [0.91, 0.82]]","[[0.76, 1.45], [1.31, 0.76]]","[0.46, 0.82]",0.48,0.0,0.91,0.52,1.07,-1022.1902252252254,-1022.1901891891893,-3.769324324324324,-2241.200054054055,562.391846846847,-646.2064774774775,5.533405405405406,95.1309369369369,235.54404504504512,1372.838126126126,-73.80656756756757,-87.1891981981982,-56.9766126126126,-146.9480810810811,-70.99924324324324,43.89012612612614,-107.15437837837838,1.8169009009009005,-13.202054054054065,107.6280000000001,568.3333333333334,0.4879729729729728,111,-15.206249237893033,-15.206249237893033,433.20390678793734,0.256603741039063,1.162162162162162,16.063063063063062,2.1531531531531534,0.27280878007143466,-0.013136648230765179,-2.8427700011998405,111
Complex72,1,1,0.9704184053187862,,,,"[0.8, 0.8]","[[0.46, 0.8], [0.8, 0.78]]","[[0.76, 2.3], [2.28, 0.76]]","[0.46, 0.78]",0.45,0.0,0.8,0.52,0.97,-1114.1128828828826,-1114.1129009009005,-3.7865225225225223,-2409.769819819819,601.5932072072072,-745.4812972972973,5.902774774774774,98.77088288288284,259.7995855855855,1529.1427477477478,-69.83641441441445,-89.52813513513514,-58.319504504504486,-173.3651081081082,-75.76496396396396,48.556828828828834,-105.51507207207204,2.2457387387387393,-8.007279279279281,78.56400000000012,664.1891891891892,0.6856396396396397,111,-10.557613024346608,-10.557613024346608,379.912254231267,0.1919856860619975,1.5315315315315314,12.594594594594595,1.5585585585585586,0.20340974991386002,-0.008687614682642243,-1.8060246993936546,111
Complex73,1,2,1.050076484421795,,,,"[0.89, 0.89]","[[0.46, 0.89], [0.89, 0.78]]","[[0.76, 1.53], [1.6, 0.76]]","[0.46, 0.78]",0.46,0.0,0.89,0.53,1.05,-1076.8664594594588,-1076.8664774774768,-3.7600180180180183,-2375.321225225226,584.2876846846847,-722.778603603604,5.627063063063064,100.62260360360368,266.1907747747748,1489.0424144144145,-74.52935135135134,-91.07518018018021,-72.91537837837838,-174.2330720720721,-69.4751171171171,50.7536846846847,-97.33321621621624,2.106675675675676,9.265504504504504,96.16799999999984,687.4234234234234,0.49092792792792805,111,-29.09822093146675,-29.09822093146675,845.108012874044,0.38210301667617635,3.108108108108108,29.91891891891892,3.2162162162162162,0.40745744525312305,-0.019453226216498237,-3.319548968239953,111
Complex74,1,4,1.0515288861935197,,,,"[0.9, 0.9]","[[0.46, 0.9], [0.9, 0.8]]","[[0.76, 1.61], [1.51, 0.76]]","[0.46, 0.8]",0.45,0.0,0.9,0.54,1.05,-1126.566684684685,-1126.566711711712,-3.7400360360360376,-2426.144981981983,589.6250180180178,-766.0364954954954,5.781567567567567,100.26545045045046,258.980108108108,1513.999756756757,-76.57981081081081,-95.07799999999999,-64.01318918918916,-165.8740180180181,-69.50627027027032,53.88520720720719,-107.20592792792792,2.0691171171171163,28.050936936936935,94.31799999999997,782.3963963963964,0.6372252252252254,111,-50.35536788438064,-50.35536788438064,1380.3293414228472,0.4131914998713429,5.225225225225225,50.5045045045045,7.936936936936937,0.41877096240316425,-0.02281487683796889,-9.543274792806693,111
Complex75,1,1,1.0950486193585185,,,,"[0.94, 0.94]","[[0.46, 0.94], [0.94, 0.8]]","[[0.76, 1.17], [1.24, 0.76]]","[0.46, 0.8]",0.47,0.0,0.94,0.53,1.1,-1029.3570090090093,-1029.3570360360363,-3.8520180180180175,-2329.9176846846844,565.662837837838,-701.7775855855857,5.517504504504505,96.09526126126123,251.04034234234226,1467.6422432432435,-77.67632432432434,-95.33700900900907,-57.99045945945948,-154.1256846846847,-71.9896126126126,45.0792252252252,-103.85550450450455,2.5260900900900918,37.24581081081081,95.78499999999988,748.5945945945946,0.5703693693693693,111,-49.72602531818839,-49.72602531818839,1439.3589346546887,0.44651582471864015,9.09009009009009,48.11711711711712,7.045045045045045,0.487349582953496,-0.024009448294529247,-7.605066903880274,111
Complex76,1,2,0.8858816017316791,,,,"[0.71, 0.71]","[[0.45, 0.71], [0.71, 0.84]]","[[0.76, 4.07], [5.11, 0.76]]","[0.45, 0.84]",0.44,0.0,0.71,0.5,0.89,-1017.1207567567568,-1017.1207747747748,-3.654540540540541,-2386.8010990990992,598.8564144144143,-718.909747747748,5.941135135135136,104.75104504504503,262.1094954954954,1511.8139369369374,-71.09283783783785,-77.87232432432431,-65.3230990990991,-179.12429729729737,-75.32222522522522,55.75409909909907,-106.643,2.83527927927928,25.946531531531537,99.05800000000023,604.7117117117117,0.555963963963964,111,-1.76659536474409,-1.76659536474409,67.18292206864871,0.057627439158356435,0.13513513513513514,2.6666666666666665,0.35135135135135137,0.06049615238700901,-0.002612999083268107,-0.4381259411732252,111
Complex77,1,2,1.033589343996851,,,,"[0.87, 0.87]","[[0.46, 0.87], [0.87, 0.78]]","[[0.76, 1.88], [1.87, 0.76]]","[0.46, 0.78]",0.47,0.0,0.87,0.52,1.03,-981.9922972972968,-981.9922702702698,-3.703522522522519,-2262.027027027026,547.9653693693696,-649.362747747748,5.757189189189193,97.747054054054,257.1062702702703,1354.422207207207,-77.48495495495494,-96.88616216216214,-53.30933333333332,-134.85967567567562,-71.50328828828826,47.01373873873874,-104.05258558558555,2.523522522522523,29.82362162162162,128.34499999999977,574.3063063063063,0.4926576576576575,111,-4.7293228850615945,-4.7293228850615945,188.7144135801941,0.10661210401475986,0.7027027027027027,6.5675675675675675,0.4954954954954955,0.11411541149959908,-0.0044011307027588265,-0.6118348620313989,111
Complex78,1,1,1.0865913778220433,,,,"[0.93, 0.93]","[[0.46, 0.93], [0.93, 0.83]]","[[0.76, 1.29], [1.25, 0.76]]","[0.46, 0.83]",0.47,0.0,0.93,0.52,1.09,-874.3796486486484,-874.3796396396393,-3.1354864864864878,-2112.9508288288293,552.8315855855853,-609.7110360360359,5.787153153153155,97.21002702702704,222.14002702702697,1336.1077477477477,-77.04200900900899,-47.957855855855875,-56.09868468468468,-152.06843243243242,-72.28676576576578,39.335747747747746,-108.27942342342338,2.0522972972972973,-4.379018018018017,113.50300000000014,507.9009009009009,0.5626936936936939,111,-4.24539801002763,-4.24539801002763,164.72779579362285,0.12809617934243428,0.2882882882882883,6.198198198198198,0.6396396396396397,0.14420106564019178,-0.005922779539767499,-0.704703385224241,111
Complex79,1,1,1.0783297593347876,,,,"[0.92, 0.92]","[[0.46, 0.92], [0.92, 0.8]]","[[0.76, 1.35], [1.25, 0.76]]","[0.46, 0.8]",0.48,0.0,0.92,0.52,1.08,-1003.6187027027025,-1003.6187027027025,-3.8697477477477498,-2239.8829369369378,547.6167837837841,-686.0770180180177,5.55992792792793,91.62605405405402,246.52025225225225,1363.037207207207,-77.255009009009,-110.22472972972975,-50.370261261261255,-134.45580180180178,-65.98246846846847,40.88451351351351,-102.56600900900905,2.338369369369369,48.60045945945946,120.29199999999989,563.2702702702703,0.5897657657657657,111,-33.53677244050934,-33.53677244050934,936.6054793753888,0.3872448666590557,4.036036036036036,33.5045045045045,4.0,0.4116799368246182,-0.022085357505187104,-4.1188345781168545,111
Complex8,1,2,1.0288991067142166,,,,"[0.87, 0.87]","[[0.46, 0.87], [0.87, 0.77]]","[[0.76, 2.02], [1.83, 0.76]]","[0.46, 0.77]",0.46,0.0,0.87,0.51,1.03,-903.6611261261262,-903.6611171171172,-3.4564774774774785,-2164.3920180180185,532.6008918918919,-607.6952432432435,5.604369369369372,94.77962162162156,247.0591441441442,1299.1584954954958,-74.64123423423423,-84.33965765765763,-52.83926126126127,-126.0107297297297,-71.51952252252251,44.7969009009009,-109.61988288288293,2.842981981981983,26.57320720720722,136.80899999999974,581.081081081081,0.6280810810810813,111,-4.85365182148534,-4.85365182148534,183.56408609471768,0.14435598468938654,0.6936936936936937,7.306306306306307,0.6846846846846847,0.15259979718977268,-0.006140463193614471,-0.7978662404344338,111
Complex80,1,4,0.9954423318992146,,,,"[0.83, 0.83]","[[0.46, 0.83], [0.83, 0.8]]","[[0.76, 2.57], [2.35, 0.76]]","[0.46, 0.8]",0.45,0.0,0.83,0.52,1.0,-935.1867027027031,-935.1866936936939,-3.534045045045045,-2368.836306306306,594.1409369369369,-689.3158108108107,6.029918918918919,101.68442342342337,266.3516396396396,1465.2521981981986,-76.20921621621622,-72.57971171171171,-55.51338738738739,-172.46854054054046,-77.28132432432433,51.82606306306306,-114.26161261261262,2.733765765765765,99.05607207207207,107.13299999999985,626.8468468468468,0.6054504504504504,111,-9.073985879295764,-9.073985879295764,313.80774109265434,0.16302332597791294,1.018018018018018,11.873873873873874,1.2432432432432432,0.1533617767262029,-0.007119559512756839,-1.3850902298480734,111
Complex81,1,4,1.080570016783102,,,,"[0.93, 0.93]","[[0.46, 0.93], [0.93, 0.79]]","[[0.76, 1.23], [1.25, 0.76]]","[0.46, 0.79]",0.47,0.0,0.93,0.52,1.08,-1011.9095045045046,-1011.9095045045044,-3.784063063063065,-2295.9689999999996,558.8407297297298,-680.6672972972976,5.630567567567568,94.48643243243245,260.24489189189194,1386.198585585586,-84.56609009009009,-108.05761261261259,-57.23668468468469,-126.06919819819821,-69.17063063063064,43.87064864864865,-110.23181981981989,2.0954954954954954,49.73563963963966,122.10800000000015,639.2072072072073,0.6318828828828827,111,-35.758624314589426,-35.758624314589426,1064.276091651133,0.40333922190905724,4.54954954954955,35.153153153153156,4.783783783783784,0.41145958422540546,-0.021373823766250636,-5.126140285596685,111
Complex82,1,1,1.032544779573413,,,,"[0.88, 0.88]","[[0.45, 0.88], [0.88, 0.81]]","[[0.76, 1.52], [1.6, 0.76]]","[0.45, 0.81]",0.45,0.0,0.88,0.53,1.03,-1028.4824504504506,-1028.4824324324327,-3.59963963963964,-2379.502414414414,616.2463513513514,-724.1685225225225,6.016405405405403,104.99783783783782,253.68719819819825,1542.1344864864861,-73.94825225225227,-75.79328828828825,-67.6451891891892,-183.14231531531527,-74.92803603603602,51.30869369369372,-113.43285585585586,2.413117117117117,9.532477477477473,80.89400000000016,643.8468468468468,0.44707207207207206,111,-4.719585238343839,-4.719585238343839,156.08618050726432,0.07654172521128326,0.6036036036036037,5.513513513513513,0.6846846846846847,0.07488808438584611,-0.0033312865394812146,-0.7370422794099978,111
Complex83,1,2,1.0833600319418697,,,,"[0.93, 0.93]","[[0.46, 0.93], [0.93, 0.79]]","[[0.76, 1.22], [1.2, 0.76]]","[0.46, 0.79]",0.47,0.0,0.93,0.52,1.08,-1017.5934594594598,-1017.5934684684688,-3.8675225225225236,-2254.914252252253,538.8246846846847,-660.2336216216215,5.5288198198198195,92.97602702702703,253.62109909909907,1360.5465855855846,-70.13046846846848,-107.99465765765767,-55.433090090090076,-132.88510810810806,-74.97464864864864,39.91891891891892,-101.36350450450449,2.4846846846846846,25.609081081081086,124.17100000000018,613.5585585585585,0.52190990990991,111,-32.462055608898766,-32.462055608898766,1060.989952121729,0.4153631396244223,3.234234234234234,34.9009009009009,3.324324324324324,0.41065089753619183,-0.021744935810650245,-3.9429023385312294,111
Complex84,1,1,1.0864884544133364,,,,"[0.93, 0.93]","[[0.46, 0.93], [0.93, 0.81]]","[[0.76, 1.23], [1.25, 0.76]]","[0.46, 0.81]",0.48,0.0,0.93,0.53,1.09,-1025.1826486486486,-1025.1826576576577,-3.8402792792792813,-2223.820864864864,551.2365765765767,-654.7177297297296,5.616612612612612,93.0341261261261,237.87267567567565,1342.3508198198201,-77.36535135135136,-103.92022522522522,-55.64675675675673,-128.769054054054,-67.90706306306308,40.708081081081076,-113.15109909909899,1.3473063063063067,1.0625765765765767,129.98300000000015,593.8468468468468,0.7442612612612612,111,-25.196049451882836,-25.196049451882836,737.4414049204563,0.30039610004034767,1.7567567567567568,26.414414414414413,2.765765765765766,0.28713789300338644,-0.016347125135698297,-3.1835687398762005,111
Complex85,1,1,1.0696599582938264,,,,"[0.92, 0.92]","[[0.46, 0.92], [0.92, 0.85]]","[[0.76, 1.3], [1.22, 0.76]]","[0.46, 0.85]",0.45,0.0,0.92,0.54,1.07,-1085.4220180180178,-1085.4219999999998,-3.6972972972972986,-2412.1147567567577,581.0215315315318,-710.369954954955,5.793387387387386,102.15201801801807,255.66615315315318,1486.8444414414419,-75.09314414414418,-87.87360360360361,-61.494504504504505,-176.08666666666676,-76.80566666666665,49.60523423423424,-108.03031531531535,2.7849189189189194,28.394873873873873,113.50400000000022,616.027027027027,0.3774324324324325,111,-11.828073983746659,-11.828073983746659,346.8199148741167,0.15900091951335366,1.3693693693693694,13.486486486486486,1.063063063063063,0.16253493283246015,-0.00804327672778889,-1.3232211948404031,111
Complex86,1,1,1.0138182156151754,,,,"[0.85, 0.85]","[[0.45, 0.85], [0.85, 0.82]]","[[0.76, 2.06], [2.04, 0.76]]","[0.45, 0.82]",0.46,0.0,0.85,0.52,1.01,-1050.3688738738738,-1050.3688738738738,-3.7016666666666658,-2368.734774774775,594.5505675675676,-712.2049549549549,5.759792792792792,101.46033333333335,253.66102702702713,1490.9178198198185,-82.99983783783782,-85.49404504504506,-62.62355855855857,-170.88836036036042,-72.02313513513515,50.82435135135135,-107.4773873873874,1.9222702702702708,29.656828828828832,86.50600000000003,598.5855855855856,0.5202342342342342,111,-5.368817295358034,-5.368817295358034,191.24995929233327,0.08426311045094466,0.990990990990991,6.612612612612613,0.918918918918919,0.08223122036134875,-0.003703327826738488,-1.008215777110148,111
Complex87,1,1,1.0835043279590917,,,,"[0.93, 0.93]","[[0.47, 0.93], [0.93, 0.82]]","[[0.76, 1.2], [1.13, 0.76]]","[0.47, 0.82]",0.47,0.0,0.93,0.54,1.08,-1022.9878378378386,-1022.9878468468476,-3.6434414414414418,-2307.370990990991,570.6229189189188,-731.1857387387385,5.65690990990991,99.81513513513517,245.6853693693694,1492.986801801802,-82.24305405405403,-83.09966666666665,-56.85371171171169,-172.74585585585584,-70.44034234234238,45.62780180180179,-105.0325855855856,2.7599189189189195,28.6223963963964,97.43900000000016,575.6936936936937,0.41161261261261267,111,-7.517306674561208,-7.517306674561208,256.5843892085257,0.1460527051363118,1.072072072072072,9.612612612612613,1.1531531531531531,0.14302280155925062,-0.006308886992407837,-1.4021716282263457,111
Complex88,1,1,1.0896313111927554,,,,"[0.94, 0.94]","[[0.46, 0.94], [0.94, 0.84]]","[[0.76, 1.05], [1.06, 0.76]]","[0.46, 0.84]",0.46,0.0,0.94,0.54,1.09,-1076.8907297297296,-1076.8907117117117,-3.6474234234234237,-2377.8246126126132,587.4901801801802,-728.0650360360363,5.809099099099098,101.20308108108108,249.80059459459451,1516.062468468469,-74.73120720720722,-86.43511711711713,-65.23686486486487,-170.836081081081,-74.1863063063063,48.226099099099095,-110.03096396396398,1.930036036036036,2.3091081081081075,100.68599999999982,649.4504504504505,0.5865855855855856,111,-8.439814348802578,-8.439814348802578,274.6224879954521,0.11953215475718776,1.2252252252252251,9.981981981981981,1.1531531531531531,0.11619810397560532,-0.005365013555345185,-1.429892945606869,111
Complex89,1,2,0.9694823273079918,,,,"[0.8, 0.8]","[[0.46, 0.8], [0.8, 0.74]]","[[0.76, 3.13], [2.97, 0.76]]","[0.46, 0.74]",0.46,0.0,0.8,0.51,0.97,-896.3842162162161,-896.3842162162163,-3.4080720720720716,-2225.032846846847,585.0877927927928,-645.1552702702702,5.896279279279283,104.1681981981982,245.67108108108104,1424.2124954954957,-75.1766396396396,-61.00638738738738,-57.94630630630632,-157.9508378378379,-73.84960360360357,46.65506306306306,-107.49954954954953,2.8643963963963968,16.248333333333335,79.19800000000014,578.0,0.6401621621621622,111,-4.500233147965494,-4.500233147965494,195.16108917204926,0.13747658321965922,0.6486486486486487,7.18018018018018,0.8558558558558559,0.14175035932042576,-0.005709462933033498,-0.9342568728154746,111
Complex9,1,4,1.0275848993352317,,,,"[0.87, 0.87]","[[0.46, 0.87], [0.87, 0.82]]","[[0.76, 1.96], [1.97, 0.76]]","[0.46, 0.82]",0.46,0.0,0.87,0.52,1.03,-1050.623423423423,-1050.6234234234228,-3.759549549549548,-2374.6528288288287,565.032216216216,-710.3138468468471,5.69855855855856,97.877036036036,263.372990990991,1444.6342162162168,-75.05461261261254,-94.44882882882887,-52.938819819819805,-163.76130630630632,-75.66887387387386,52.54418018018017,-110.85539639639637,2.2066486486486485,56.05118018018018,122.884,629.7567567567568,0.530072072072072,111,-11.411928568022672,-11.411928568022672,414.902434567323,0.242497488314354,1.2072072072072073,14.972972972972974,1.6036036036036037,0.2349453195258304,-0.010416779275004158,-1.8427677640771476,111
Complex90,1,4,1.001329720966393,,,,"[0.84, 0.84]","[[0.46, 0.84], [0.84, 0.78]]","[[0.76, 2.47], [2.48, 0.76]]","[0.46, 0.78]",0.45,0.0,0.84,0.52,1.0,-1095.2058738738735,-1095.2058648648645,-3.736792792792792,-2433.72436936937,600.6994054054054,-717.9440180180185,5.921072072072073,101.22734234234233,253.96886486486488,1513.538765765766,-72.24603603603603,-87.42017117117116,-59.39904504504502,-162.28730630630633,-79.6592342342342,45.37165765765766,-111.25890090090091,2.065927927927929,13.998189189189189,95.26200000000006,753.0450450450451,0.41652252252252253,111,-27.219080930986987,-27.219080930986987,909.3133411127562,0.4010340559402273,3.6036036036036037,31.045045045045047,4.27027027027027,0.3699950810756769,-0.018612566927835184,-4.627706800121386,111
Complex91,1,4,1.0614042626654954,,,,"[0.91, 0.91]","[[0.46, 0.91], [0.91, 0.8]]","[[0.76, 1.36], [1.37, 0.76]]","[0.46, 0.8]",0.46,0.0,0.91,0.53,1.06,-1084.917450450451,-1084.917405405406,-3.8447477477477463,-2326.794639639639,581.2685585585585,-742.2766936936938,5.68274774774775,99.21511711711712,248.1816576576576,1478.7632882882883,-72.073027027027,-94.65400900900892,-56.42315315315314,-167.20354954954956,-73.03938738738742,49.347891891891926,-101.87302702702705,1.7108558558558566,-0.04421621621621626,88.33899999999996,650.918918918919,0.7992792792792792,111,-41.61944947141146,-41.61944947141146,1351.5766414096781,0.5277231386354029,1.8288288288288288,48.054054054054056,7.009009009009009,0.5007168743255976,-0.025316787699489224,-7.070241173902994,111
Complex92,1,4,1.0697670680368323,,,,"[0.92, 0.92]","[[0.46, 0.92], [0.92, 0.83]]","[[0.76, 1.27], [1.24, 0.76]]","[0.46, 0.83]",0.44,0.0,0.92,0.54,1.07,-1014.3196036036039,-1014.3196306306311,-3.5442882882882887,-2413.9979189189194,594.0883063063064,-696.380234234234,5.916153153153152,105.20342342342339,263.00516216216215,1496.641882882882,-70.80887387387388,-74.42974774774775,-60.54707207207205,-174.13689189189193,-80.6142072072072,52.26912612612614,-115.40479279279283,2.424585585585586,48.684144144144135,106.86900000000009,678.6846846846847,0.4422432432432434,111,-3.9219500717786584,-3.9219500717786584,142.2445519328975,0.09225908241222007,0.3783783783783784,5.783783783783784,0.5585585585585585,0.09311243529255325,-0.003945131231908111,-0.6710424806898875,111
Complex93,1,2,1.0683433914907272,,,,"[0.92, 0.92]","[[0.47, 0.92], [0.92, 0.8]]","[[0.76, 1.27], [1.26, 0.76]]","[0.47, 0.8]",0.46,0.0,0.92,0.53,1.07,-974.3175945945945,-974.3175855855852,-3.6464414414414423,-2288.6313333333337,577.8374504504505,-686.6245855855855,5.821972972972971,99.39730630630633,256.1878558558558,1449.8433963963957,-74.51365765765766,-81.31873873873869,-56.0282792792793,-162.83640540540537,-73.93057657657663,49.41477477477475,-106.64044144144142,2.6168378378378376,23.421855855855867,94.52200000000013,594.0540540540541,0.7893333333333334,111,-3.6420539670664525,-3.6420539670664525,129.10014105887652,0.08638500045628499,0.32432432432432434,4.693693693693693,0.6666666666666666,0.09034198992424183,-0.003759689826078707,-0.6823492720394416,111
Complex94,1,2,1.0996562553783478,,,,"[0.94, 0.94]","[[0.47, 0.94], [0.94, 0.77]]","[[0.76, 1.17], [1.22, 0.76]]","[0.47, 0.77]",0.49,0.0,0.94,0.52,1.1,-831.8071621621622,-831.8071711711713,-3.563270270270272,-2150.545900900901,546.3632972972973,-598.5555945945945,5.609036036036035,96.27183783783788,241.64418918918912,1348.0555765765762,-70.42805405405407,-65.73345045045046,-51.7121981981982,-148.16310810810813,-73.71008108108106,43.79234234234235,-99.86253153153153,2.300738738738739,42.67619819819819,103.26699999999987,521.1711711711712,0.4864864864864868,111,-3.4104614738144807,-3.4104614738144807,120.25604179243997,0.07006379352323079,0.3153153153153153,4.099099099099099,0.3963963963963964,0.07239549761419897,-0.0028003631637933788,-0.47546977170448396,111
Complex95,1,4,1.049327614107968,,,,"[0.9, 0.9]","[[0.46, 0.9], [0.9, 0.8]]","[[0.76, 1.52], [1.51, 0.76]]","[0.46, 0.8]",0.45,0.0,0.9,0.54,1.05,-1104.6367927927934,-1104.6368018018022,-3.6767747747747737,-2438.7604324324316,603.1932252252254,-761.4673963963965,5.9694594594594586,103.29313513513517,257.41680180180174,1538.0976936936938,-77.62554954954953,-91.100963963964,-56.188648648648645,-172.33382882882887,-75.06254054054055,50.66207207207207,-108.45537837837838,1.9145315315315317,32.28098198198199,86.72400000000012,703.4954954954954,0.4828468468468471,111,-14.989743332280185,-14.989743332280185,529.6023037420478,0.22775177132199168,1.6936936936936937,18.45045045045045,2.063063063063063,0.22369146977995966,-0.009920861908124098,-2.396246628553463,111
